calibration_bin,customers,average_predicted_pd,observed_default_rate
1,96,0.010304473237034177,0.0
2,96,0.018790191974578065,0.03125
3,96,0.028045956486098773,0.03125
4,96,0.04091968143186323,0.020833333333333332
5,96,0.05658708745811312,0.08333333333333333
6,96,0.08166773410297387,0.09375
7,96,0.12100318408571929,0.1875
8,96,0.1803443986195333,0.15625
9,96,0.2981272573403515,0.1875
10,96,0.5537701223591212,0.5520833333333334
