risk_band,customers,average_predicted_pd,observed_default_rate,average_limit_balance
A,640,0.01459205734165576,0.0140625,113015.625
B,640,0.03490198981945035,0.0328125,91429.6875
C,640,0.06817583471628583,0.0734375,83848.4375
D,640,0.1434988757086881,0.140625,80289.0625
E,640,0.4082500757486193,0.396875,74242.1875
