scenario,pd_multiplier,lgd,expected_loss,value_at_risk_95,conditional_value_at_risk_95,value_at_risk_99,expected_loss_rate
baseline,1.0,0.45,6668905.38525,7185520.125,7325264.16,7416163.575,0.052291359965138604
mild_stress,1.1,0.5,8153222.265,8747561.25,8890581.6,8986729.5,0.06392999386044149
severe_stress,1.25,0.55,10147509.207,10807879.5,10991791.8,11100144.825000001,0.07956733917179473
